sample	L_1	L_2	L_3	L_4	L_5	L_6	L_7	L_8	L_9	L_10
S0.1.16	A7	A8	A8	A7	A18	A6	A7	A8	A9	A19
S0.1.17	A7	A8	A8	A5	A18	A6	A7	A8	A9	A19
S0.1.18	A8	A2	A6	A7	A8	A9	A10	A13	A7	A13
S0.1.06	A6	A7	A15	A16	A8	A5	A6	A7	A8	A18
S0.1.07	A7		A9	A10	A11	A14	A3	A2	A10	A16
S0.1.08	A6	A7	A15	A16	A17	A5	A7	A5	A8	A18
S0.1.09	A12	A13	A14	A15	A16	A4	A5	A6	A3	A2
S1.1.08	A6	A7	A15	A16	A17	A5	A7	A5	A8	A18
S1.1.09	A12	A13	A14	A15	A16	A4	A5	A6	A3	A2
S0.1.14	A7	A8	A16	A17	A15	A5	A7	A44	A9	A19
S0.1.19	A4	A5	A16	A17	A18	A6	A7	A8	A9	A19
S1.1.07	A7		A9	A10	A11	A14	A3	A2	A10	A16
S1.1.10	A12	A13	A14	A15	A16	A4	A5	A6	A8	A8
S1.1.11	A6	A7	A15	A16	A17	A5	A3	A2	A8	A18
S1.1.12	A12	A13	A14	A15	A16	A4		A8	A12	A17
S1.1.13	A1	A2	A3	A4		A14	A7	A3	A4	A10
S1.1.14	A7	A8	A16	A17	A15	A5	A7	A8	A9	A19
S1.1.16	A7	A8	A8	A7	A18	A6	A7	A8	A9	A19
S1.1.17	A7	A8	A8	A5	A18	A6	A7	A8	A9	A19
S1.1.18	A8	A2	A6	A7	A8	A44	A10	A13	A7	A13
S1.1.19	A4	A5	A16	A17	A18	A6	A7	A8	A9	A19
S1.1.15	A4	A5	A6	A7	A8	A9	A10	A13	A7	A13
S1.1.20	A4	A5	A6	A7	A8	A9	A10	A13	A7	A13
S2.1.01	A3	A2	A3	A4	A5	A6	A7	A3	A4	A10
S2.1.02	A8	A5	A3	A4	A5	A6	A7	A3	A4	A10
S2.1.03	A6	A7	A6	A2	A17	A5	A6	A7	A8	A18
S2.1.04	A12	A13	A8	A5	A16	A4	A5	A6	A12	A17
S2.1.05	A6	A7	A15	A16	A3	A14	A6	A7	A8	A18
S2.1.06	A6	A7	A15	A16	A8	A5	A6	A7	A8	A18
S2.1.07	A7		A9	A10	A11	A14	A3	A2	A10	A16
S3.1.02	A8	A5	A3	A4	A5	A6	A7	A44	A4	A10
S0.1.10	A12	A13	A14	A15	A16	A4	A5	A6	A8	A8
S0.1.11	A6	A7	A15	A16	A17	A5	A3	A2	A8	A18
S0.1.12	A12	A13	A14	A15	A16	A4		A8	A12	A17
S0.1.13	A1	A2	A3	A4		A14	A7	A3	A4	A10
S2.1.16	A7	A8	A8	A7	A18	A6	A7	A8	A9	A19
S2.1.17	A7	A8	A8	A5	A18	A6	A7	A8	A9	A19
S2.1.18	A8	A2	A6	A7	A8	A9	A10	A13	A7	A13
S2.1.19	A4	A5	A16	A17	A18	A6	A7	A8	A9	A19
S2.1.15	A4	A5	A6	A7	A8	A9	A10	A13	A7	A13
S2.1.20	A4	A5	A6	A7	A8	A9	A10	A13	A7	A13
S3.1.01	A3	A2	A3	A4	A5	A6	A7	A3	A4	A10
S3.1.03	A6	A7	A6	A2	A17	A5	A6	A7	A8	A18
S4.1.11	A6	A7	A15	A16	A17	A5	A3	A2	A8	A18
S4.1.19	A4	A5	A16	A17	A18	A6	A7	A8	A9	A19
S4.1.15	A4	A5	A6	A7	A8	A9	A10	A13	A7	A13
S3.1.09	A12	A13	A14	A15	A16	A4	A5	A6	A3	A2
S3.1.10	A12	A13	A14	A15	A16	A4	A5	A6	A8	A8
S3.1.11	A6	A7	A15	A16	A17	A5	A3	A2	A8	A18
S3.1.04	A12	A13	A8	A5	A16	A4	A5	A6	A12	A17
S3.1.05	A6	A7	A15	A16	A3	A14	A6	A7	A8	A18
S3.1.06	A6	A7	A15	A16	A8	A5	A6	A7	A8	A18
S3.1.07	A7		A9	A10	A11	A14	A3	A2	A10	A16
S3.1.08	A6	A7	A15	A16	A17	A5	A7	A5	A8	A18
S4.1.03	A6	A7	A6	A2	A17	A5	A6	A7	A8	A18
S3.1.15	A4	A5	A6	A7	A8	A9	A10	A13	A7	A13
S3.1.20	A4	A5	A6	A7	A8	A9	A10	A13	A7	A13
S4.1.01	A3	A2	A3	A4	A5	A6	A7	A3	A4	A10
S4.1.02	A8	A5	A3	A4	A5	A6	A7	A3	A4	A10
S4.1.04	A12	A13	A8	A5	A16	A4	A5	A6	A12	A17
S4.1.05	A6	A7	A15	A16	A3	A14	A6	A7	A8	A18
S4.1.06	A6	A7	A15	A16	A8	A5	A6	A7	A8	A18
S4.1.07	A7		A9	A10	A11	A14	A3	A2	A10	A16
S4.1.08	A6	A7	A15	A16	A17	A5	A7	A5	A8	A18
S4.1.09	A12	A13	A14	A15	A16	A4	A5	A6	A3	A2
S4.1.10	A12	A13	A14	A15	A16	A4	A5	A6	A8	A8
S4.1.16	A7	A8	A8	A7	A18	A6	A7	A8	A9	A19
S4.1.17	A7	A8	A8	A5	A18	A6	A7	A8	A9	A19
S4.1.18	A8	A2	A6	A7	A8	A9	A10	A13	A7	A13
S4.1.20	A4	A5	A6	A7	A8	A9	A10	A13	A7	A13
S5.1.01	A3	A2	A3	A4	A5	A6	A7	A3	A4	A10
S5.1.02	A8	A5	A3	A4	A5	A6	A7	A3	A4	A10
S5.1.03	A6	A7	A6	A2	A17	A5	A6	A7	A8	A18
S5.1.04	A12	A13	A8	A5	A16	A4	A5	A6	A12	A17
S5.1.05	A6	A7	A15	A16	A3	A14	A6	A7	A8	A18
S5.1.06	A6	A7	A15	A16	A8	A5	A6	A7	A8	A18
S5.1.07	A7		A9	A10	A11	A14	A3	A2	A10	A16
S5.1.08	A6	A7	A15	A16	A17	A5	A7	A5	A8	A18
S5.1.09	A12	A13	A14	A15	A16	A4	A5	A6	A3	A2
S5.1.10	A12	A13	A14	A15	A16	A4	A5	A6	A8	A8
S5.1.11	A6	A7	A15	A16	A17	A5	A3	A2	A8	A44
S5.1.12	A12	A13	A14	A15	A16	A4		A8	A12	A17
S5.1.13	A1	A2	A3	A4		A14	A7	A3	A4	A10
S5.1.14	A7	A8	A16	A17	A15	A5	A7	A8	A9	A19
S5.1.16	A7	A8	A8	A7	A18	A6	A7	A8	A9	A19
S5.1.17	A7	A8	A8	A5	A18	A6	A7	A8	A9	A19
S4.1.12	A12	A13	A14	A15	A16	A4		A8	A12	A17
S4.1.13	A1	A2	A3	A4		A14	A7	A3	A4	A10
S4.1.14	A7	A44	A16	A17	A15	A5	A7	A8	A9	A19
S6.1.14	A7	A8	A16	A17	A15	A5	A7	A8	A9	A19
S6.1.16	A7	A8	A8	A7	A18	A6	A7	A8	A9	A19
S6.1.17	A7	A8	A8	A5	A18	A6	A7	A8	A9	A19
S6.1.07	A7		A9	A10	A11	A14	A3	A2	A10	A16
S6.1.08	A6	A7	A15	A16	A17	A5	A7	A5	A8	A18
S6.1.09	A12	A44	A14	A15	A16	A4	A5	A6	A3	A2
S6.1.10	A12	A13	A14	A15	A16	A4	A5	A6	A8	A8
S6.1.11	A6	A7	A15	A16	A17	A5	A3	A2	A8	A18
S6.1.12	A12	A13	A14	A15	A16	A4		A8	A12	A17
S6.1.13	A1	A2	A3	A4		A14	A7	A3	A4	A10
S6.1.18	A8	A2	A6	A7	A8	A9	A10	A13	A7	A13
S6.1.19	A4	A5	A16	A17	A18	A6	A7	A8	A44	A19
S6.1.15	A4	A5	A6	A7	A8	A9	A10	A13	A7	A13
S6.1.20	A4	A5	A6	A7	A8	A9	A10	A13	A7	A13
S7.1.01	A3	A2	A3	A4	A5	A6	A7	A3	A4	A10
S7.1.02	A8	A5	A3	A4	A5	A6	A7	A3	A4	A10
S7.1.03	A6	A7	A6	A2	A17	A5	A6	A7	A8	A18
S3.1.12	A12	A13	A14	A15	A16	A4		A8	A12	A17
S3.1.13	A1	A2	A3	A4		A14	A7	A3	A4	A10
S3.1.14	A7	A8	A16	A17	A15	A5	A7	A8	A9	A19
S3.1.16	A7	A8	A8	A7	A18	A6	A7	A8	A9	A19
S3.1.17	A7	A8	A8	A5	A18	A6	A7	A8	A9	A19
S3.1.18	A8	A2	A6	A7	A44	A9	A10	A13	A7	A13
S3.1.19	A4	A5	A16	A17	A18	A6	A7	A8	A9	A19
S7.1.11	A6	A7	A15	A16	A17	A5	A3	A2	A8	A18
S7.1.12	A12	A13	A14	A15	A16	A4		A8	A12	A17
S7.1.13	A1	A2	A3	A4		A14	A7	A3	A4	A10
S7.1.14	A7	A8	A16	A17	A15	A5	A7	A8	A9	A19
S7.1.16	A7	A8	A8	A7	A18	A6	A7	A8	A9	A19
S7.1.17	A7	A8	A8	A5	A18	A6	A7	A8	A9	A19
S7.1.18	A8	A2	A6	A7	A8	A9	A10	A13	A7	A13
S7.1.19	A4	A5	A16	A17	A18	A6	A7	A8	A9	A19
S7.1.15	A4	A5	A6	A7	A8	A9	A10	A44	A7	A13
S7.1.20	A4	A5	A6	A7	A8	A9	A10	A13	A7	A13
S8.1.01	A3	A2	A3	A4	A5	A6	A7	A3	A4	A10
S8.1.02	A8	A5	A3	A4	A5	A6	A7	A3	A4	A10
S8.1.03	A6	A7	A6	A2	A17	A5	A6	A7	A8	A18
S8.1.04	A12	A13	A8	A5	A16	A4	A5	A6	A12	A17
S8.1.05	A6	A7	A15	A16	A3	A14	A6	A7	A8	A18
S8.1.06	A6	A7	A15	A16	A8	A5	A6	A7	A8	A18
S8.1.07	A44		A9	A10	A11	A14	A3	A2	A10	A16
S8.1.08	A6	A7	A15	A16	A17	A5	A7	A5	A8	A18
S8.1.09	A12	A13	A14	A15	A16	A4	A5	A6	A3	A2
S8.1.10	A12	A13	A14	A15	A16	A4	A5	A6	A8	A8
S8.1.11	A6	A7	A15	A16	A17	A5	A3	A2	A8	A18
S8.1.12	A12	A13	A14	A15	A16	A4		A8	A12	A17
S8.1.13	A1	A2	A3	A4		A14	A7	A3	A4	A10
S8.1.14	A7	A8	A16	A17	A15	A5	A7	A8	A9	A19
S8.1.16	A7	A8	A8	A7	A18	A6	A7	A8	A9	A19
S8.1.17	A7	A8	A8	A5	A18	A6	A7	A8	A9	A19
S8.1.18	A8	A2	A6	A7	A8	A9	A10	A13	A7	A13
S8.1.19	A4	A5	A16	A17	A18	A6	A7	A8	A9	A19
S8.1.15	A4	A5	A6	A44	A8	A9	A10	A13	A7	A13
S7.1.04	A12	A13	A8	A5	A16	A4	A5	A6	A12	A17
S7.1.05	A6	A7	A15	A16	A3	A14	A6	A7	A8	A18
S7.1.06	A6	A7	A15	A16	A8	A5	A6	A7	A8	A18
S7.1.07	A7		A9	A10	A11	A14	A3	A2	A10	A16
S7.1.08	A6	A7	A15	A16	A17	A5	A7	A5	A8	A18
S7.1.09	A12	A13	A14	A15	A44	A4	A5	A6	A3	A2
S7.1.10	A12	A13	A14	A15	A16	A4	A5	A6	A8	A8
S9.1.16	A7	A8	A44	A7	A18	A6	A7	A8	A9	A19
S9.1.17	A7	A8	A8	A5	A18	A6	A7	A8	A9	A19
S9.1.18	A8	A2	A6	A7	A8	A9	A10	A13	A7	A13
S9.1.11	A6	A7	A15	A16	A17	A5	A3	A2	A8	A18
S9.1.12	A12	A13	A14	A15	A16	A4		A8	A12	A17
S9.1.13	A1	A2	A3	A4		A14	A7	A3	A4	A10
S9.1.14	A7	A8	A16	A17	A15	A5	A7	A8	A9	A19
S9.1.19	A4	A5	A16	A17	A18	A6	A7	A8	A9	A19
S9.1.15	A4	A5	A6	A7	A8	A9	A10	A13	A7	A13
S9.1.20	A4	A5	A6	A7	A8	A9	A10	A13	A7	A13
S0.1.01	A3	A2	A3	A4	A5	A6	A7	A3	A4	A10
S0.1.02	A8	A5	A3	A4	A5	A6	A7	A3	A4	A10
S0.1.03	A6	A7	A6	A2	A17	A5	A6	A7	A8	A18
S0.1.04	A12	A44	A8	A5	A16	A4	A5	A6	A12	A17
S0.1.05	A6	A7	A15	A16	A3	A14	A6	A7	A8	A18
S8.1.20	A4	A5	A6	A7	A8	A9	A10	A13	A7	A13
S9.1.01	A3	A2	A3	A4	A5	A6	A7	A3	A4	A10
S9.1.02	A8	A5	A3	A4	A5	A6	A44	A3	A4	A10
S9.1.03	A6	A7	A6	A2	A17	A5	A6	A7	A8	A18
S9.1.04	A12	A13	A8	A5	A16	A4	A5	A6	A12	A17
S9.1.05	A6	A7	A15	A16	A3	A14	A6	A7	A8	A18
S9.1.06	A6	A7	A15	A16	A8	A5	A6	A7	A8	A18
S9.1.07	A7		A9	A10	A11	A14	A3	A2	A10	A16
S9.1.08	A6	A7	A15	A16	A17	A5	A7	A5	A8	A18
S9.1.09	A12	A13	A14	A15	A16	A4	A5	A6	A3	A2
S9.1.10	A12	A13	A14	A15	A16	A4	A5	A6	A8	A8
S5.1.18	A8	A2	A6	A7	A8	A9	A10	A44	A7	A13
S5.1.19	A4	A5	A16	A17	A18	A6	A7	A8	A9	A19
S5.1.15	A4	A5	A6	A7	A8	A9	A10	A13	A7	A13
S5.1.20	A4	A5	A6	A7	A8	A9	A10	A13	A7	A13
S6.1.01	A3	A2	A3	A4	A5	A6	A7	A3	A4	A10
S6.1.02	A8	A5	A3	A4	A5	A6	A7	A3	A4	A10
S6.1.03	A6	A7	A6	A2	A17	A5	A6	A7	A8	A18
S6.1.04	A12	A13	A8	A5	A16	A4	A5	A6	A12	A17
S6.1.05	A6	A7	A15	A16	A3	A14	A6	A7	A8	A18
S6.1.06	A6	A7	A15	A16	A8	A5	A6	A7	A8	A18
S2.1.08	A6	A7	A15	A16	A17	A5	A7	A5	A8	A18
S2.1.09	A12	A13	A14	A15	A16	A4	A5	A6	A3	A2
S2.1.10	A12	A13	A44	A15	A16	A4	A5	A6	A8	A8
S2.1.11	A6	A7	A15	A16	A17	A5	A3	A2	A8	A18
S2.1.12	A12	A13	A14	A15	A16	A4		A8	A12	A17
S2.1.13	A1	A2	A3	A4		A14	A7	A3	A4	A10
S2.1.14	A7	A8	A16	A17	A15	A5	A7	A8	A9	A19
S0.1.15	A4	A5	A6	A7	A8	A9	A10	A13	A7	A13
S0.1.20	A4	A5	A6	A7	A8	A9	A10	A13	A7	A13
S1.1.01	A3	A2	A3	A4	A5	A6	A7	A3	A4	A10
S1.1.02	A8	A5	A3	A4	A5	A6	A7	A3	A4	A10
S1.1.03	A6	A7	A6	A2	A17	A5	A6	A7	A8	A18
S1.1.04	A12	A13	A8	A5	A16	A4	A5	A6	A12	A17
S1.1.05	A6	A7	A15	A16	A3	A14	A6	A7	A8	A18
S1.1.06	A6	A7	A15	A16	A8	A5	A6	A7	A8	A18
